"Global","Level","Address","Size","Field Type","Field Name","Elt Type","Comment"
"cursor","0","0xb347f0","0xc","struct-type","cursor","",""
"cursor","1","0xb347f0","0x4","int32_t","cursor.x","",""
"cursor","1","0xb347f4","0x4","int32_t","cursor.y","",""
"cursor","1","0xb347f8","0x4","int32_t","cursor.z","",""
"selection_rect","0","0xb347fc","0x18","struct-type","selection_rect","",""
"selection_rect","1","0xb347fc","0x4","int32_t","selection_rect.start_x","",""
"selection_rect","1","0xb34800","0x4","int32_t","selection_rect.start_y","",""
"selection_rect","1","0xb34804","0x4","int32_t","selection_rect.start_z","",""
"selection_rect","1","0xb34808","0x4","int32_t","selection_rect.end_x","","only valid for an instant while its being completed"
"selection_rect","1","0xb3480c","0x4","int32_t","selection_rect.end_y","",""
"selection_rect","1","0xb34810","0x4","int32_t","selection_rect.end_z","",""
"ui_workshop_in_add","0","0xeb0992","0x1","global-object","ui_workshop_in_add","",""
"ui_workshop_in_add","1","0xeb0992","0x1","bool","ui_workshop_in_add.value","",""
"ui_look_cursor","0","0xedeb98","0x4","global-object","ui_look_cursor","",""
"ui_look_cursor","1","0xedeb98","0x4","int32_t","ui_look_cursor.value","",""
"misc_vars_1","0","0x14ec78c","0x10","global-object","misc_vars_1","",""
"misc_vars_1","1","0x14ec78c","0x4","int32_t","misc_vars_1.next_nemesis_id","",""
"misc_vars_1","1","0x14ec790","0x4","int32_t","misc_vars_1.next_entity_id","",""
"misc_vars_1","1","0x14ec794","0x4","int32_t","misc_vars_1.next_unit_id","",""
"misc_vars_1","1","0x14ec798","0x4","int32_t","misc_vars_1","",""
"ui_workshop_job_cursor","0","0x14ec79c","0x4","global-object","ui_workshop_job_cursor","",""
"ui_workshop_job_cursor","1","0x14ec79c","0x4","int32_t","ui_workshop_job_cursor.value","",""
"ui","0","0x14ee7e0","0x7890","struct-type","ui","",""
"ui","1","0x14ee7e0","0x10","padding","ui","",""
"ui","1","0x14ee7f0","0x10","stl-vector","ui.unk10","padding",""
"ui","1","0x14ee800","0x4c","padding","ui","",""
"ui","1","0x14ee84c","0x10","stl-vector","ui.unk68","padding*",""
"ui","1","0x14ee85c","0x184","padding","ui","",""
"ui","1","0x14ee9e0","0x10","stl-vector","ui.currency_value","int32_t",""
"ui","1","0x14ee9f0","0x32c","padding","ui","",""
"ui","1","0x14eed1c","0x10","stl-vector","ui.unk530","int32_t",""
"ui","1","0x14eed2c","0x1d5c","padding","ui","",""
"ui","1","0x14f0a88","0x10","stl-vector","ui.unk2298","bool",""
"ui","1","0x14f0a98","0x10","stl-vector","ui.unk22a4","bool",""
"ui","1","0x14f0aa8","0x10","stl-vector","ui.unk22b0","bool",""
"ui","1","0x14f0ab8","0x10","stl-vector","ui.unk22bc","bool",""
"ui","1","0x14f0ac8","0x10","padding","ui","",""
"ui","1","0x14f0ad8","0x10","stl-vector","ui.unk22d8","int32_t",""
"ui","1","0x14f0ae8","0x4","padding","ui","",""
"ui","1","0x14f0aec","0x10","stl-vector","ui.unk22e8","padding",""
"ui","1","0x14f0afc","0x10","stl-vector","ui.dip_meeting_vec","meeting_diplomat*",""
"ui","1","0x14f0b0c","0x10","stl-vector","ui.dip_meeting_info","ui::anon2*",""
"ui","1","0x14f0b1c","0x10","stl-vector","ui.unk230c","int32_t","really a wild guess"
"ui","1","0x14f0b2c","0x4","padding","ui","",""
"ui","1","0x14f0b30","0x10","stl-vector","ui.invasions","ui::anon3*","goblins..."
"ui","1","0x14f0b40","0x4","int32_t","ui.next_invasion_id","",""
"ui","1","0x14f0b44","0x10","stl-vector","ui.crimes","ui::anon4*",""
"ui","1","0x14f0b54","0x10","stl-vector","ui.punishments","ui::anon5*",""
"ui","1","0x14f0b64","0x10","stl-vector","ui.pet_meeting_vec","meeting_pet*",""
"ui","1","0x14f0b74","0x10","stl-vector","ui.unk2350","padding*",""
"ui","1","0x14f0b84","0x10","stl-vector","ui.unk235c","padding*",""
"ui","1","0x14f0b94","0x10","stl-vector","ui.dipscripts","dipscript_info*",""
"ui","1","0x14f0ba4","0x10","stl-vector","ui.unk2374","padding*",""
"ui","1","0x14f0bb4","0x50","compound","ui.kitchen","",""
"ui","2","0x14f0bb4","0x10","stl-vector","ui.kitchen.item_types","int16_t",""
"ui","2","0x14f0bc4","0x10","stl-vector","ui.kitchen.item_subtypes","int16_t",""
"ui","2","0x14f0bd4","0x10","stl-vector","ui.kitchen.mat_types","int16_t",""
"ui","2","0x14f0be4","0x10","stl-vector","ui.kitchen.mat_indices","int32_t",""
"ui","2","0x14f0bf4","0x10","stl-vector","ui.kitchen.exc_types","int8_t",""
"ui","1","0x14f0c04","0x10","stl-vector","ui.economic_stone","bool",""
"ui","1","0x14f0c14","0x4","padding","ui","",""
"ui","1","0x14f0c18","0x2","int16_t","ui.unk23cc","",""
"ui","1","0x14f0c1a","0x2","int16_t","ui.unk23ce","",""
"ui","1","0x14f0c1c","0x4","int32_t","ui.unk23d0","",""
"ui","1","0x14f0c20","0x4","int32_t","ui.unk23d4","",""
"ui","1","0x14f0c24","0x4","int32_t","ui.group_id","",""
"ui","1","0x14f0c28","0x4","int32_t","ui.race_id","",""
"ui","1","0x14f0c2c","0x10","stl-vector","ui.unk23e0","int16_t",""
"ui","1","0x14f0c3c","0x10","stl-vector","ui.unk23ec","int8_t",""
"ui","1","0x14f0c4c","0x3c0","static-array","ui.unk23f8","ui::anon6",""
"ui","1","0x14f100c","0x4e0","compound","ui.stockpile","",""
"ui","2","0x14f100c","0x4","int32_t","ui.stockpile.reserved_bins","",""
"ui","2","0x14f1010","0x4","int32_t","ui.stockpile.reserved_barrels","",""
"ui","2","0x14f1014","0x4d8","struct-type","ui.stockpile.custom_settings","",""
"ui","3","0x14f1014","0x4","bitfield","ui.stockpile.custom_settings.flags","",""
"ui","4","0x14f1014","0x0.1","flag-bit","ui.stockpile.custom_settings.flags.animals","",""
"ui","4","0x14f1014.1","0x0.1","flag-bit","ui.stockpile.custom_settings.flags.food","",""
"ui","4","0x14f1014.2","0x0.1","flag-bit","ui.stockpile.custom_settings.flags.furniture","",""
"ui","4","0x14f1014.3","0x0.1","flag-bit","ui.stockpile.custom_settings.flags.corpses","",""
"ui","4","0x14f1014.4","0x0.1","flag-bit","ui.stockpile.custom_settings.flags.refuse","",""
"ui","4","0x14f1014.5","0x0.1","flag-bit","ui.stockpile.custom_settings.flags.stone","",""
"ui","4","0x14f1014.6","0x0.1","flag-bit","ui.stockpile.custom_settings.flags.ammo","",""
"ui","4","0x14f1014.7","0x0.1","flag-bit","ui.stockpile.custom_settings.flags.coins","",""
"ui","4","0x14f1015","0x0.1","flag-bit","ui.stockpile.custom_settings.flags.bars","",""
"ui","4","0x14f1015.1","0x0.1","flag-bit","ui.stockpile.custom_settings.flags.gems","",""
"ui","4","0x14f1015.2","0x0.1","flag-bit","ui.stockpile.custom_settings.flags.goods","",""
"ui","4","0x14f1015.3","0x0.1","flag-bit","ui.stockpile.custom_settings.flags.leather","",""
"ui","4","0x14f1015.4","0x0.1","flag-bit","ui.stockpile.custom_settings.flags.cloth","",""
"ui","4","0x14f1015.5","0x0.1","flag-bit","ui.stockpile.custom_settings.flags.wood","",""
"ui","4","0x14f1015.6","0x0.1","flag-bit","ui.stockpile.custom_settings.flags.weapons","",""
"ui","4","0x14f1015.7","0x0.1","flag-bit","ui.stockpile.custom_settings.flags.armor","",""
"ui","3","0x14f1018","0x14","compound","ui.stockpile.custom_settings.animals","",""
"ui","4","0x14f1018","0x1","bool","ui.stockpile.custom_settings.animals.animals_empty_cages","",""
"ui","4","0x14f1019","0x1","bool","ui.stockpile.custom_settings.animals.animals_empty_traps","",""
"ui","4","0x14f101c","0x10","stl-vector","ui.stockpile.custom_settings.animals.enabled","bool",""
"ui","3","0x14f102c","0x134","compound","ui.stockpile.custom_settings.food","",""
"ui","4","0x14f102c","0x130","struct-type","ui.stockpile.custom_settings.food.type","",""
"ui","5","0x14f102c","0x10","stl-vector","ui.stockpile.custom_settings.food.type.meat","bool",""
"ui","5","0x14f103c","0x10","stl-vector","ui.stockpile.custom_settings.food.type.fish","bool",""
"ui","5","0x14f104c","0x10","stl-vector","ui.stockpile.custom_settings.food.type.unprepared_fish","bool",""
"ui","5","0x14f105c","0x10","stl-vector","ui.stockpile.custom_settings.food.type.egg","bool",""
"ui","5","0x14f106c","0x10","stl-vector","ui.stockpile.custom_settings.food.type.plants","bool",""
"ui","5","0x14f107c","0x10","stl-vector","ui.stockpile.custom_settings.food.type.drink_plant","bool",""
"ui","5","0x14f108c","0x10","stl-vector","ui.stockpile.custom_settings.food.type.drink_animal","bool",""
"ui","5","0x14f109c","0x10","stl-vector","ui.stockpile.custom_settings.food.type.cheese_plant","bool",""
"ui","5","0x14f10ac","0x10","stl-vector","ui.stockpile.custom_settings.food.type.cheese_animal","bool",""
"ui","5","0x14f10bc","0x10","stl-vector","ui.stockpile.custom_settings.food.type.seeds","bool",""
"ui","5","0x14f10cc","0x10","stl-vector","ui.stockpile.custom_settings.food.type.leaves","bool",""
"ui","5","0x14f10dc","0x10","stl-vector","ui.stockpile.custom_settings.food.type.powder_plant","bool",""
"ui","5","0x14f10ec","0x10","stl-vector","ui.stockpile.custom_settings.food.type.powder_creature","bool",""
"ui","5","0x14f10fc","0x10","stl-vector","ui.stockpile.custom_settings.food.type.glob","bool",""
"ui","5","0x14f110c","0x10","stl-vector","ui.stockpile.custom_settings.food.type.glob_paste","bool",""
"ui","5","0x14f111c","0x10","stl-vector","ui.stockpile.custom_settings.food.type.glob_pressed","bool",""
"ui","5","0x14f112c","0x10","stl-vector","ui.stockpile.custom_settings.food.type.liquid_plant","bool",""
"ui","5","0x14f113c","0x10","stl-vector","ui.stockpile.custom_settings.food.type.liquid_animal","bool",""
"ui","5","0x14f114c","0x10","stl-vector","ui.stockpile.custom_settings.food.type.liquid_misc","bool",""
"ui","4","0x14f115c","0x1","bool","ui.stockpile.custom_settings.food.prepared_meals","",""
"ui","3","0x14f1160","0x40","compound","ui.stockpile.custom_settings.furniture","",""
"ui","4","0x14f1160","0x10","stl-vector","ui.stockpile.custom_settings.furniture.type","bool",""
"ui","4","0x14f1170","0x10","stl-vector","ui.stockpile.custom_settings.furniture.other_mats","bool",""
"ui","4","0x14f1180","0x10","stl-vector","ui.stockpile.custom_settings.furniture.mats","bool",""
"ui","4","0x14f1190","0x7","static-array","ui.stockpile.custom_settings.furniture.quality_core","bool",""
"ui","4","0x14f1197","0x7","static-array","ui.stockpile.custom_settings.furniture.quality_total","bool",""
"ui","4","0x14f119e","0x1","bool","ui.stockpile.custom_settings.furniture.sand_bags","",""
"ui","3","0x14f11a0","0x4","int32_t","ui.stockpile.custom_settings.unk1","",""
"ui","3","0x14f11a4","0x94","compound","ui.stockpile.custom_settings.refuse","",""
"ui","4","0x14f11a4","0x90","struct-type","ui.stockpile.custom_settings.refuse.type","",""
"ui","5","0x14f11a4","0x10","stl-vector","ui.stockpile.custom_settings.refuse.type.type","bool",""
"ui","5","0x14f11b4","0x10","stl-vector","ui.stockpile.custom_settings.refuse.type.corpses","bool",""
"ui","5","0x14f11c4","0x10","stl-vector","ui.stockpile.custom_settings.refuse.type.body_parts","bool",""
"ui","5","0x14f11d4","0x10","stl-vector","ui.stockpile.custom_settings.refuse.type.skulls","bool",""
"ui","5","0x14f11e4","0x10","stl-vector","ui.stockpile.custom_settings.refuse.type.bones","bool",""
"ui","5","0x14f11f4","0x10","stl-vector","ui.stockpile.custom_settings.refuse.type.hair","bool",""
"ui","5","0x14f1204","0x10","stl-vector","ui.stockpile.custom_settings.refuse.type.shells","bool",""
"ui","5","0x14f1214","0x10","stl-vector","ui.stockpile.custom_settings.refuse.type.teeth","bool",""
"ui","5","0x14f1224","0x10","stl-vector","ui.stockpile.custom_settings.refuse.type.horns","bool",""
"ui","4","0x14f1234","0x1","bool","ui.stockpile.custom_settings.refuse.fresh_raw_hide","",""
"ui","4","0x14f1235","0x1","bool","ui.stockpile.custom_settings.refuse.rotten_raw_hide","",""
"ui","3","0x14f1238","0x10","stl-vector","ui.stockpile.custom_settings.stone","bool",""
"ui","3","0x14f1248","0x10","stl-vector","ui.stockpile.custom_settings.unk2","bool",""
"ui","3","0x14f1258","0x40","compound","ui.stockpile.custom_settings.ammo","",""
"ui","4","0x14f1258","0x10","stl-vector","ui.stockpile.custom_settings.ammo.type","bool",""
"ui","4","0x14f1268","0x10","stl-vector","ui.stockpile.custom_settings.ammo.other_mats","bool",""
"ui","4","0x14f1278","0x10","stl-vector","ui.stockpile.custom_settings.ammo.mats","bool",""
"ui","4","0x14f1288","0x7","static-array","ui.stockpile.custom_settings.ammo.quality_core","bool",""
"ui","4","0x14f128f","0x7","static-array","ui.stockpile.custom_settings.ammo.quality_total","bool",""
"ui","3","0x14f1298","0x10","stl-vector","ui.stockpile.custom_settings.coins","bool",""
"ui","3","0x14f12a8","0x10","stl-vector","ui.stockpile.custom_settings.bars_other_mats","bool",""
"ui","3","0x14f12b8","0x10","stl-vector","ui.stockpile.custom_settings.blocks_other_mats","bool",""
"ui","3","0x14f12c8","0x10","stl-vector","ui.stockpile.custom_settings.bars_mats","bool",""
"ui","3","0x14f12d8","0x10","stl-vector","ui.stockpile.custom_settings.blocks_mats","bool",""
"ui","3","0x14f12e8","0x40","compound","ui.stockpile.custom_settings.gems","",""
"ui","4","0x14f12e8","0x10","stl-vector","ui.stockpile.custom_settings.gems.rough_other_mats","bool",""
"ui","4","0x14f12f8","0x10","stl-vector","ui.stockpile.custom_settings.gems.cut_other_mats","bool",""
"ui","4","0x14f1308","0x10","stl-vector","ui.stockpile.custom_settings.gems.rough_mats","bool",""
"ui","4","0x14f1318","0x10","stl-vector","ui.stockpile.custom_settings.gems.cut_mats","bool",""
"ui","3","0x14f1328","0x40","compound","ui.stockpile.custom_settings.finished_goods","",""
"ui","4","0x14f1328","0x10","stl-vector","ui.stockpile.custom_settings.finished_goods.type","bool",""
"ui","4","0x14f1338","0x10","stl-vector","ui.stockpile.custom_settings.finished_goods.other_mats","bool",""
"ui","4","0x14f1348","0x10","stl-vector","ui.stockpile.custom_settings.finished_goods.mats","bool",""
"ui","4","0x14f1358","0x7","static-array","ui.stockpile.custom_settings.finished_goods.quality_core","bool",""
"ui","4","0x14f135f","0x7","static-array","ui.stockpile.custom_settings.finished_goods.quality_total","bool",""
"ui","3","0x14f1368","0x10","stl-vector","ui.stockpile.custom_settings.leather","bool",""
"ui","3","0x14f1378","0x80","compound","ui.stockpile.custom_settings.cloth","",""
"ui","4","0x14f1378","0x10","stl-vector","ui.stockpile.custom_settings.cloth.thread_silk","bool",""
"ui","4","0x14f1388","0x10","stl-vector","ui.stockpile.custom_settings.cloth.thread_plant","bool",""
"ui","4","0x14f1398","0x10","stl-vector","ui.stockpile.custom_settings.cloth.thread_yarn","bool",""
"ui","4","0x14f13a8","0x10","stl-vector","ui.stockpile.custom_settings.cloth.thread_metal","bool",""
"ui","4","0x14f13b8","0x10","stl-vector","ui.stockpile.custom_settings.cloth.cloth_silk","bool",""
"ui","4","0x14f13c8","0x10","stl-vector","ui.stockpile.custom_settings.cloth.cloth_plant","bool",""
"ui","4","0x14f13d8","0x10","stl-vector","ui.stockpile.custom_settings.cloth.cloth_yarn","bool",""
"ui","4","0x14f13e8","0x10","stl-vector","ui.stockpile.custom_settings.cloth.cloth_metal","bool",""
"ui","3","0x14f13f8","0x10","stl-vector","ui.stockpile.custom_settings.wood","bool",""
"ui","3","0x14f1408","0x50","compound","ui.stockpile.custom_settings.weapons","",""
"ui","4","0x14f1408","0x10","stl-vector","ui.stockpile.custom_settings.weapons.weapon_type","bool",""
"ui","4","0x14f1418","0x10","stl-vector","ui.stockpile.custom_settings.weapons.trapcomp_type","bool",""
"ui","4","0x14f1428","0x10","stl-vector","ui.stockpile.custom_settings.weapons.other_mats","bool",""
"ui","4","0x14f1438","0x10","stl-vector","ui.stockpile.custom_settings.weapons.mats","bool",""
"ui","4","0x14f1448","0x7","static-array","ui.stockpile.custom_settings.weapons.quality_core","bool",""
"ui","4","0x14f144f","0x7","static-array","ui.stockpile.custom_settings.weapons.quality_total","bool",""
"ui","4","0x14f1456","0x1","bool","ui.stockpile.custom_settings.weapons.usable","",""
"ui","4","0x14f1457","0x1","bool","ui.stockpile.custom_settings.weapons.unusable","",""
"ui","3","0x14f1458","0x90","compound","ui.stockpile.custom_settings.armor","",""
"ui","4","0x14f1458","0x10","stl-vector","ui.stockpile.custom_settings.armor.body","bool",""
"ui","4","0x14f1468","0x10","stl-vector","ui.stockpile.custom_settings.armor.head","bool",""
"ui","4","0x14f1478","0x10","stl-vector","ui.stockpile.custom_settings.armor.feet","bool",""
"ui","4","0x14f1488","0x10","stl-vector","ui.stockpile.custom_settings.armor.hands","bool",""
"ui","4","0x14f1498","0x10","stl-vector","ui.stockpile.custom_settings.armor.legs","bool",""
"ui","4","0x14f14a8","0x10","stl-vector","ui.stockpile.custom_settings.armor.shield","bool",""
"ui","4","0x14f14b8","0x10","stl-vector","ui.stockpile.custom_settings.armor.other_mats","bool",""
"ui","4","0x14f14c8","0x10","stl-vector","ui.stockpile.custom_settings.armor.mats","bool",""
"ui","4","0x14f14d8","0x7","static-array","ui.stockpile.custom_settings.armor.quality_core","bool",""
"ui","4","0x14f14df","0x7","static-array","ui.stockpile.custom_settings.armor.quality_total","bool",""
"ui","4","0x14f14e6","0x1","bool","ui.stockpile.custom_settings.armor.usable","",""
"ui","4","0x14f14e7","0x1","bool","ui.stockpile.custom_settings.armor.unusable","",""
"ui","3","0x14f14e8","0x1","bool","ui.stockpile.custom_settings.allow_organic","",""
"ui","3","0x14f14e9","0x1","bool","ui.stockpile.custom_settings.allow_inorganic","",""
"ui","1","0x14f14ec","0x3000","static-array","ui.unk2a8c","ui::anon7",""
"ui","1","0x14f44ec","0x10","stl-vector","ui.unk5a8c","int16_t",""
"ui","1","0x14f44fc","0x10","stl-vector","ui.unk5a98","int16_t",""
"ui","1","0x14f450c","0x10","stl-vector","ui.unk5aa4","int16_t",""
"ui","1","0x14f451c","0x50","static-array","ui.unk5ab0","ui::anon8",""
"ui","1","0x14f456c","0x10","stl-vector","ui.unk5aec","int16_t",""
"ui","1","0x14f457c","0x50","static-array","ui.unk5af8","ui::anon9",""
"ui","1","0x14f45cc","0x10","stl-vector","ui.unk5b34","int16_t",""
"ui","1","0x14f45dc","0x50","static-array","ui.unk5b40","ui::anon10",""
"ui","1","0x14f462c","0x10","stl-vector","ui.unk5b7c","int16_t",""
"ui","1","0x14f463c","0x70","static-array","ui.unk5b88","ui::anon11",""
"ui","1","0x14f46ac","0x54","compound","ui.waypoints","",""
"ui","2","0x14f46ac","0x10","stl-vector","ui.waypoints.points","ui::anon12*",""
"ui","2","0x14f46bc","0x10","stl-vector","ui.waypoints.routes","ui::anon13*",""
"ui","2","0x14f46cc","0x2","int16_t","ui.waypoints.sym_selector","",""
"ui","2","0x14f46ce","0x2","int16_t","ui.waypoints","",""
"ui","2","0x14f46d0","0x4","int32_t","ui.waypoints.cur_point_index","",""
"ui","2","0x14f46d4","0x1","bool","ui.waypoints.in_edit_name_mode","",""
"ui","2","0x14f46d5","0x1","int8_t","ui.waypoints","",""
"ui","2","0x14f46d6","0x1","uint8_t","ui.waypoints.sym_tile","",""
"ui","2","0x14f46d8","0x2","int16_t","ui.waypoints.sym_fg_color","",""
"ui","2","0x14f46da","0x2","int16_t","ui.waypoints.sym_bg_color","",""
"ui","2","0x14f46dc","0x10","stl-vector","ui.waypoints.unk5c04","stl-string*",""
"ui","2","0x14f46ec","0x4","int32_t","ui.waypoints.next_point_id","",""
"ui","2","0x14f46f0","0x4","int32_t","ui.waypoints.next_route_id","",""
"ui","2","0x14f46f4","0x4","int32_t","ui.waypoints.sel_route_idx","",""
"ui","2","0x14f46f8","0x4","int32_t","ui.waypoints.sel_route_waypt_idx","",""
"ui","2","0x14f46fc","0x1","bool","ui.waypoints.in_edit_waypts_mode","",""
"ui","1","0x14f4700","0x5c","compound","ui.burrows","",""
"ui","2","0x14f4700","0x10","stl-vector","ui.burrows.list","burrow*",""
"ui","2","0x14f4710","0x4","int32_t","ui.burrows.next_id","",""
"ui","2","0x14f4714","0x4","int32_t","ui.burrows.sel_index1","",""
"ui","2","0x14f4718","0x4","int32_t","ui.burrows.sel_index2","",""
"ui","2","0x14f471c","0x1","bool","ui.burrows.in_add_units_mode","",""
"ui","2","0x14f4720","0x10","stl-vector","ui.burrows.list_units","unit*",""
"ui","2","0x14f4730","0x14","stl-bit-vector","ui.burrows.sel_units","flag-bit",""
"ui","2","0x14f4744","0x4","int32_t","ui.burrows.unit_cursor_pos","",""
"ui","2","0x14f4748","0x1","bool","ui.burrows.in_define_mode","",""
"ui","2","0x14f474a","0x2","int16_t","ui.burrows.rect_start_x","",""
"ui","2","0x14f474c","0x2","int16_t","ui.burrows.rect_start_y","",""
"ui","2","0x14f474e","0x2","int16_t","ui.burrows.rect_start_z","",""
"ui","2","0x14f4750","0x4","int32_t","ui.burrows.brush_mode","",""
"ui","2","0x14f4754","0x2","int16_t","ui.burrows.sym_selector","",""
"ui","2","0x14f4756","0x2","int16_t","ui.burrows.sym_tile","",""
"ui","2","0x14f4758","0x2","int16_t","ui.burrows.sym_fg_color","",""
"ui","2","0x14f475a","0x2","int16_t","ui.burrows.sym_bg_color","",""
"ui","1","0x14f475c","0x18","compound","ui.alerts","",""
"ui","2","0x14f475c","0x10","stl-vector","ui.alerts.list","ui::anon14*",""
"ui","2","0x14f476c","0x4","int32_t","ui.alerts.next_id","",""
"ui","2","0x14f4770","0x4","int32_t","ui.alerts.civ_alert_idx","",""
"ui","1","0x14f4774","0x1554","compound","ui.equipment","",""
"ui","2","0x14f4774","0x700","static-array","ui.equipment.items_by_type1","ui::anon15",""
"ui","2","0x14f4e74","0x700","static-array","ui.equipment.items_unassigned","ui::anon16",""
"ui","2","0x14f5574","0x700","static-array","ui.equipment.items_assigned","ui::anon17",""
"ui","2","0x14f5c74","0x4","int32_t","ui.equipment.unk6c4c","",""
"ui","2","0x14f5c78","0x10","stl-vector","ui.equipment.work_weapons","int32_t","i.e. woodcutter axes, and miner picks"
"ui","2","0x14f5c88","0x10","stl-vector","ui.equipment.work_units","int32_t",""
"ui","2","0x14f5c98","0x10","stl-vector","ui.equipment.hunter_ammunition","squad_ammo_spec*",""
"ui","2","0x14f5ca8","0x10","stl-vector","ui.equipment.ammo_items","int32_t",""
"ui","2","0x14f5cb8","0x10","stl-vector","ui.equipment.ammo_units","int32_t",""
"ui","1","0x14f5cc8","0x2f4","compound","ui.main","",""
"ui","2","0x14f5cc8","0x2c0","static-array","ui.main.hotkeys","ui::anon18",""
"ui","2","0x14f5f88","0x4","int32_t","ui.main.traffic_cost_high","",""
"ui","2","0x14f5f8c","0x4","int32_t","ui.main.traffic_cost_normal","",""
"ui","2","0x14f5f90","0x4","int32_t","ui.main.traffic_cost_low","",""
"ui","2","0x14f5f94","0x4","int32_t","ui.main.traffic_cost_restricted","",""
"ui","2","0x14f5f98","0x10","stl-vector","ui.main.unk6ddc","ui::anon19*",""
"ui","2","0x14f5fa8","0x4","pointer","ui.main.unk6de8","historical_entity",""
"ui","2","0x14f5fac","0x4","ui_sidebar_mode","ui.main.mode","",""
"ui","2","0x14f5fb0","0x4","int32_t","ui.main.selected_traffic_cost","","For changing the above costs."
"ui","2","0x14f5fb4","0x4","int32_t","ui.main.unk6df4","",""
"ui","2","0x14f5fb8","0x2","int16_t","ui.main.selected_hotkey","",""
"ui","2","0x14f5fba","0x1","bool","ui.main.in_rename_hotkey","",""
"ui","1","0x14f5fbc","0xb0","compound","ui.squads","",""
"ui","2","0x14f5fbc","0x10","stl-vector","ui.squads.list","squad*","valid only when ui is displayed"
"ui","2","0x14f5fcc","0x10","stl-vector","ui.squads.unk6e08","padding",""
"ui","2","0x14f5fdc","0x14","stl-bit-vector","ui.squads.sel_squads","flag-bit",""
"ui","2","0x14f5ff0","0x10","stl-vector","ui.squads.indiv_selected","int32_t",""
"ui","2","0x14f6000","0x1","bool","ui.squads.in_select_indiv","",""
"ui","2","0x14f6004","0x4","int32_t","ui.squads.sel_indiv_squad","",""
"ui","2","0x14f6008","0x8","padding","ui.squads","",""
"ui","2","0x14f6010","0x4","int32_t","ui.squads.unk48","",""
"ui","2","0x14f6014","0x4","pointer","ui.squads.unk4c","squad",""
"ui","2","0x14f6018","0x1","bool","ui.squads.in_move_order","",""
"ui","2","0x14f601c","0x4","int32_t","ui.squads.point_list_scroll","",""
"ui","2","0x14f6020","0x1","bool","ui.squads.in_kill_order","",""
"ui","2","0x14f6024","0x10","stl-vector","ui.squads.kill_rect_targets","unit*",""
"ui","2","0x14f6034","0x4","padding","ui.squads","",""
"ui","2","0x14f6038","0x1","bool","ui.squads.in_kill_list","",""
"ui","2","0x14f603c","0x10","stl-vector","ui.squads.kill_targets","unit*",""
"ui","2","0x14f604c","0x14","stl-bit-vector","ui.squads.sel_kill_targets","flag-bit",""
"ui","2","0x14f6060","0x4","padding","ui.squads","",""
"ui","2","0x14f6064","0x1","bool","ui.squads.in_kill_rect","",""
"ui","2","0x14f6066","0x2","int16_t","ui.squads.rect_start_x","",""
"ui","2","0x14f6068","0x2","int16_t","ui.squads.rect_start_y","",""
"ui","2","0x14f606a","0x2","int16_t","ui.squads.rect_start_z","",""
"ui","1","0x14f606c","0x4","padding","ui","",""
"gview","0","0x14f6070","0x1ba9a8","struct-type","gview","",""
"gview","1","0x14f6070","0x4","int32_t","gview.original_fps","",""
"gview","1","0x14f6074","0x10","class-type","gview.view","",""
"gview","2","0x14f6074","0x4","pointer","gview.view._vtable","vtable",""
"gview","2","0x14f6078","0x4","pointer","gview.view.child","viewscreen",""
"gview","2","0x14f607c","0x4","pointer","gview.view.parent","viewscreen",""
"gview","2","0x14f6080","0x1","interface_breakdown_types","gview.view.breakdown_level","",""
"gview","2","0x14f6081","0x1","int8_t","gview.view.option_key_pressed","",""
"gview","1","0x14f6084","0x4","uint32_t","gview.flag","",""
"gview","1","0x14f6088","0x4","int32_t","gview.shutdown_interface_tickcount","",""
"gview","1","0x14f608c","0x4","int32_t","gview.shutdown_interface_for_ms","",""
"gview","1","0x14f6090","0x1","int8_t","gview.supermovie_on","",""
"gview","1","0x14f6094","0x4","int32_t","gview.supermovie_pos","",""
"gview","1","0x14f6098","0x4","int32_t","gview.supermovie_delayrate","",""
"gview","1","0x14f609c","0x4","int32_t","gview.supermovie_delaystep","",""
"gview","1","0x14f60a0","0x10","stl-vector","gview.supermovie_sound","stl-string*",""
"gview","1","0x14f60b0","0x3200","static-array","gview.supermovie_sound_time","gview::anon2","SOUND_CHANNELNUM"
"gview","1","0x14f92b0","0xc3500","padding","gview.supermoviebuffer","",""
"gview","1","0x15bc7b0","0xf4240","padding","gview.supermoviebuffer_comp","",""
"gview","1","0x16b09f0","0x4","int32_t","gview.currentblocksize","",""
"gview","1","0x16b09f4","0x4","int32_t","gview.nextfilepos","",""
"gview","1","0x16b09f8","0x1","int8_t","gview.first_movie_write","",""
"gview","1","0x16b09fc","0x1c","stl-string","gview.movie_file","",""
"world","0","0x16b0a58","0x1978e4","struct-type","world","",""
"world","1","0x16b0a58","0x150","static-array","world.unk0","world::anon2",""
"world","1","0x16b0ba8","0x10","stl-vector","world.unk_fc","padding*",""
"world","1","0x16b0bb8","0x10","stl-vector","world.unk_108","padding*",""
"world","1","0x16b0bc8","0x10","stl-vector","world.unk_114","world::anon3*",""
"world","1","0x16b0bd8","0x10","stl-vector","world.manager_orders","manager_order*",""
"world","1","0x16b0be8","0x10","stl-vector","world.mandates","mandate*",""
"world","1","0x16b0bf8","0x20","compound","world.entities","",""
"world","2","0x16b0bf8","0x10","stl-vector","world.entities.all","historical_entity*",""
"world","2","0x16b0c08","0x10","stl-vector","world.entities.bad","historical_entity*",""
"world","1","0x16b0c18","0x13884","padding","world","","0 bytes; same size on Windows"
"world","1","0x16c449c","0x60","compound","world.units","",""
"world","2","0x16c449c","0x10","stl-vector","world.units.all","unit*",""
"world","2","0x16c44ac","0x40","static-array","world.units.other","world::anon4",""
"world","2","0x16c44ec","0x10","stl-vector","world.units.bad","unit*",""
"world","1","0x16c44fc","0x10","stl-vector","world.unk_13a1c","padding*",""
"world","1","0x16c450c","0x10","stl-vector","world.unk_13a28","padding*",""
"world","1","0x16c451c","0x20","compound","world.nemesis","",""
"world","2","0x16c451c","0x10","stl-vector","world.nemesis.all","nemesis_record*",""
"world","2","0x16c452c","0x10","stl-vector","world.nemesis.bad","nemesis_record*",""
"world","1","0x16c453c","0x1","bool","world.unk4","",""
"world","1","0x16c4540","0x820","compound","world.items","",""
"world","2","0x16c4540","0x10","stl-vector","world.items.all","item*",""
"world","2","0x16c4550","0x7f0","static-array","world.items.other","world::anon5",""
"world","2","0x16c4d40","0x10","stl-vector","world.items.bad","item*",""
"world","2","0x16c4d50","0x10","stl-vector","world.items.bad_tag","int32_t",""
"world","1","0x16c4d60","0x20","compound","world.artifacts","",""
"world","2","0x16c4d60","0x10","stl-vector","world.artifacts.all","artifact_record*",""
"world","2","0x16c4d70","0x10","stl-vector","world.artifacts.bad","artifact_record*",""
"world","1","0x16c4d80","0xc","struct-type","world.job_list","",""
"world","2","0x16c4d80","0x4","pointer","world.job_list.job","job",""
"world","2","0x16c4d84","0x4","pointer","world.job_list.prev","job_list_link",""
"world","2","0x16c4d88","0x4","pointer","world.job_list.next","job_list_link",""
"world","1","0x16c4d8c","0xc","struct-type","world.proj_list","",""
"world","2","0x16c4d8c","0x4","pointer","world.proj_list.item","projectile",""
"world","2","0x16c4d90","0x4","pointer","world.proj_list.prev","proj_list_link",""
"world","2","0x16c4d94","0x4","pointer","world.proj_list.next","proj_list_link",""
"world","1","0x16c4d98","0x580","compound","world.buildings","",""
"world","2","0x16c4d98","0x10","stl-vector","world.buildings.all","building*",""
"world","2","0x16c4da8","0x560","static-array","world.buildings.other","world::anon6",""
"world","2","0x16c5308","0x10","stl-vector","world.buildings.bad","building*",""
"world","1","0x16c5318","0x1","bool","world.unk5a","",""
"world","1","0x16c5319","0x1","bool","world.unk5b","",""
"world","1","0x16c531c","0x20","compound","world.machines","",""
"world","2","0x16c531c","0x10","stl-vector","world.machines.all","machine*",""
"world","2","0x16c532c","0x10","stl-vector","world.machines.bad","machine*",""
"world","1","0x16c533c","0x20","compound","world.unk_144d4","",""
"world","2","0x16c533c","0x10","stl-vector","world.unk_144d4.all","padding*",""
"world","2","0x16c534c","0x10","stl-vector","world.unk_144d4.bad","padding*",""
"world","1","0x16c535c","0x54","padding","world","",""
"world","1","0x16c53b0","0xb8","compound","world.unk_material_info_14540","",""
"world","2","0x16c53b0","0x10","stl-vector","world.unk_material_info_14540.unk_plant_1","bool",""
"world","2","0x16c53c0","0x10","stl-vector","world.unk_material_info_14540.unk_plant_2","bool",""
"world","2","0x16c53d0","0x10","stl-vector","world.unk_material_info_14540.unk_creature_1","bool",""
"world","2","0x16c53e0","0x10","stl-vector","world.unk_material_info_14540.unk_creature_2","bool",""
"world","2","0x16c53f0","0x10","stl-vector","world.unk_material_info_14540.unk_creature_3","bool",""
"world","2","0x16c5400","0x10","stl-vector","world.unk_material_info_14540.unk_plant_3","bool",""
"world","2","0x16c5410","0x10","stl-vector","world.unk_material_info_14540.unk_plant_4","bool",""
"world","2","0x16c5420","0x8","padding","world.unk_material_info_14540","","0"
"world","2","0x16c5428","0x10","stl-vector","world.unk_material_info_14540.unk_plant_5","bool",""
"world","2","0x16c5438","0x10","stl-vector","world.unk_material_info_14540.unk_creature_4","bool",""
"world","2","0x16c5448","0x10","stl-vector","world.unk_material_info_14540.unk_builtin","bool",""
"world","2","0x16c5458","0x10","padding","world.unk_material_info_14540","","0"
"world","1","0x16c5468","0x60","compound","world.plants","",""
"world","2","0x16c5468","0x10","stl-vector","world.plants.all","padding*",""
"world","2","0x16c5478","0x50","static-array","world.plants.other","world::anon7",""
"world","1","0x16c54c8","0xc","padding","world.unk_14618","","linked list"
"world","1","0x16c54d4","0x1f4","padding","world","","bool array?"
"world","1","0x16c56c8","0x3d090","static-array","world.unk_14818","int8_t",""
"world","1","0x1702758","0x4","int32_t","world.unk_518a8","",""
"world","1","0x170275c","0x20","compound","world.unk_518ac","",""
"world","2","0x170275c","0x10","stl-vector","world.unk_518ac.all","padding*",""
"world","2","0x170276c","0x10","stl-vector","world.unk_518ac.bad","padding*",""
"world","1","0x170277c","0x20","compound","world.squads","",""
"world","2","0x170277c","0x10","stl-vector","world.squads.all","squad*",""
"world","2","0x170278c","0x10","stl-vector","world.squads.bad","squad*",""
"world","1","0x170279c","0x20","compound","world.unk_518dc","",""
"world","2","0x170279c","0x10","stl-vector","world.unk_518dc.all","padding*",""
"world","2","0x17027ac","0x10","stl-vector","world.unk_518dc.bad","padding*",""
"world","1","0x17027bc","0x20","compound","world.activities","",""
"world","2","0x17027bc","0x10","stl-vector","world.activities.all","activity_entry*",""
"world","2","0x17027cc","0x10","stl-vector","world.activities.bad","activity_entry*",""
"world","1","0x17027dc","0x394c","compound","world.status","",""
"world","2","0x17027dc","0x10","stl-vector","world.status.reports","padding*",""
"world","2","0x17027ec","0x10","stl-vector","world.status.announcements","padding*",""
"world","2","0x17027fc","0x10","stl-vector","world.status.unk_vec","padding*",""
"world","2","0x170280c","0x4","int32_t","world.status.next_report_id","",""
"world","2","0x1702810","0x4","int32_t","world.status","",""
"world","2","0x1702814","0x4","int32_t","world.status","",""
"world","2","0x1702818","0x3840","static-array","world.status.slots","world::anon8","Written to by code at 0x80fd7b0"
"world","2","0x1706058","0x44","static-array","world.status.slot_id_used","int16_t",""
"world","2","0x170609c","0x44","static-array","world.status.slot_id_idx1","int16_t",""
"world","2","0x17060e0","0x44","static-array","world.status.slot_id_idx2","int16_t",""
"world","2","0x1706124","0x2","int16_t","world.status.slots_used","",""
"world","1","0x1706128","0x4","pointer","world.selected_building","building",""
"world","1","0x170612c","0x2","stockpile_category","world.selected_stockpile_type","",""
"world","1","0x170612e","0x1","bool","world","",""
"world","1","0x1706130","0x8","padding","world","","0"
"world","1","0x1706138","0x4c","compound","world.map","",""
"world","2","0x1706138","0x10","stl-vector","world.map.map_blocks","map_block*",""
"world","2","0x1706148","0x4","pointer","world.map.block_index","world::anon9*",""
"world","2","0x170614c","0x10","stl-vector","world.map.map_block_columns","map_block_column*",""
"world","2","0x170615c","0x4","pointer","world.map.column_index","map_block_column*",""
"world","2","0x1706160","0x4","int32_t","world.map.x_count_block","",""
"world","2","0x1706164","0x4","int32_t","world.map.y_count_block","",""
"world","2","0x1706168","0x4","int32_t","world.map.z_count_block","",""
"world","2","0x170616c","0x4","int32_t","world.map.x_count","",""
"world","2","0x1706170","0x4","int32_t","world.map.y_count","",""
"world","2","0x1706174","0x4","int32_t","world.map.z_count","",""
"world","2","0x1706178","0x4","int32_t","world.map.region_x","",""
"world","2","0x170617c","0x4","int32_t","world.map.region_y","",""
"world","2","0x1706180","0x4","int32_t","world.map.region_z","",""
"world","1","0x1706184","0x15f4","static-array","world.unknown_52d20","int16_t",""
"world","1","0x1707778","0x4","pointer","world.world_data","world_data",""
"world","1","0x170777c","0x7b4","compound","world.unk_54318","",""
"world","2","0x170777c","0x49c","padding","world.unk_54318","",""
"world","2","0x1707c18","0x10","stl-vector","world.unk_54318","padding","547b4"
"world","2","0x1707c28","0x10","stl-vector","world.unk_54318","padding",""
"world","2","0x1707c38","0x8","padding","world.unk_54318","",""
"world","2","0x1707c40","0x10","stl-vector","world.unk_54318","padding",""
"world","2","0x1707c50","0x10","stl-vector","world.unk_54318","padding",""
"world","2","0x1707c60","0x8","padding","world.unk_54318","",""
"world","2","0x1707c68","0x1","bool","world.unk_54318","",""
"world","2","0x1707c6c","0x1c","stl-string","world.unk_54318","",""
"world","2","0x1707c88","0x18","padding","world.unk_54318","",""
"world","2","0x1707ca0","0x10","stl-vector","world.unk_54318","padding","54814"
"world","2","0x1707cb0","0x10","stl-vector","world.unk_54318","padding",""
"world","2","0x1707cc0","0x8","padding","world.unk_54318","",""
"world","2","0x1707cc8","0x10","stl-vector","world.unk_54318","padding",""
"world","2","0x1707cd8","0x10","stl-vector","world.unk_54318","padding",""
"world","2","0x1707ce8","0x8","padding","world.unk_54318","",""
"world","2","0x1707cf0","0xa0","static-array","world.unk_54318","world::anon10","true array 54854"
"world","2","0x1707d90","0xa0","static-array","world.unk_54318","world::anon11","true array 548cc"
"world","2","0x1707e30","0xa0","static-array","world.unk_54318","world::anon12","true array"
"world","2","0x1707ed0","0x10","stl-vector","world.unk_54318","padding",""
"world","2","0x1707ee0","0x10","stl-vector","world.unk_54318","padding",""
"world","2","0x1707ef0","0x10","stl-vector","world.unk_54318","padding",""
"world","2","0x1707f00","0x10","stl-vector","world.unk_54318","padding",""
"world","2","0x1707f10","0x10","stl-vector","world.unk_54318","padding",""
"world","2","0x1707f20","0x10","stl-vector","world.unk_54318","padding",""
"world","1","0x1707f30","0x8","padding","world","","0"
"world","1","0x1707f38","0x4","int32_t","world.unk_54a0c","",""
"world","1","0x1707f3c","0x4","int32_t","world.unk_54a10","",""
"world","1","0x1707f40","0x6c24","struct-type","world.raws","",""
"world","2","0x1707f40","0x10","stl-vector","world.raws.material_templates","material_template*",""
"world","2","0x1707f50","0x10","stl-vector","world.raws.inorganics","inorganic_raw*",""
"world","2","0x1707f60","0x10","stl-vector","world.raws.inorganics_subset","inorganic_raw*",""
"world","2","0x1707f70","0x70","compound","world.raws.plants","",""
"world","3","0x1707f70","0x10","stl-vector","world.raws.plants.all","plant_raw*",""
"world","3","0x1707f80","0x10","stl-vector","world.raws.plants.bushes","plant_raw*",""
"world","3","0x1707f90","0x10","stl-vector","world.raws.plants.bushes_idx","int32_t",""
"world","3","0x1707fa0","0x10","stl-vector","world.raws.plants.trees","plant_raw*",""
"world","3","0x1707fb0","0x10","stl-vector","world.raws.plants.trees_idx","int32_t",""
"world","3","0x1707fc0","0x10","stl-vector","world.raws.plants.grasses","plant_raw*",""
"world","3","0x1707fd0","0x10","stl-vector","world.raws.plants.grasses_idx","int32_t",""
"world","2","0x1707fe0","0x10","stl-vector","world.raws.tissue_templates","padding*",""
"world","2","0x1707ff0","0x10","stl-vector","world.raws.misc_templates","padding*",""
"world","2","0x1708000","0x10","stl-vector","world.raws.body_templates","padding*",""
"world","2","0x1708010","0x10","stl-vector","world.raws.part_name_pairs","world::anon13*",""
"world","2","0x1708020","0x10","stl-vector","world.raws.mutant_templates","padding*",""
"world","2","0x1708030","0x44","compound","world.raws.creatures","",""
"world","3","0x1708030","0x10","stl-vector","world.raws.creatures.alphabetic","creature_raw*",""
"world","3","0x1708040","0x10","stl-vector","world.raws.creatures.all","creature_raw*",""
"world","3","0x1708050","0x4","int32_t","world.raws.creatures.unk1","",""
"world","3","0x1708054","0x10","stl-vector","world.raws.creatures.list_creature","int32_t","Together with list_caste, a list of all caste indexes in order."
"world","3","0x1708064","0x10","stl-vector","world.raws.creatures.list_caste","int32_t",""
"world","2","0x1708074","0x1d0","compound","world.raws.itemdefs","",""
"world","3","0x1708074","0x10","stl-vector","world.raws.itemdefs.all","itemdef*",""
"world","3","0x1708084","0x10","stl-vector","world.raws.itemdefs.weapons","itemdef_weaponst*",""
"world","3","0x1708094","0x10","stl-vector","world.raws.itemdefs.trapcomps","itemdef_trapcompst*",""
"world","3","0x17080a4","0x10","stl-vector","world.raws.itemdefs.toys","itemdef_toyst*",""
"world","3","0x17080b4","0x10","stl-vector","world.raws.itemdefs.tools","itemdef_toolst*",""
"world","3","0x17080c4","0xe0","static-array","world.raws.itemdefs.tools_by_type","world::anon14",""
"world","3","0x17081a4","0x10","stl-vector","world.raws.itemdefs.instruments","itemdef_instrumentst*",""
"world","3","0x17081b4","0x10","stl-vector","world.raws.itemdefs.armor","itemdef_armorst*",""
"world","3","0x17081c4","0x10","stl-vector","world.raws.itemdefs.ammo","itemdef_ammost*",""
"world","3","0x17081d4","0x10","stl-vector","world.raws.itemdefs.siege_ammo","itemdef_siegeammost*",""
"world","3","0x17081e4","0x10","stl-vector","world.raws.itemdefs.gloves","itemdef_glovesst*",""
"world","3","0x17081f4","0x10","stl-vector","world.raws.itemdefs.shoes","itemdef_shoesst*",""
"world","3","0x1708204","0x10","stl-vector","world.raws.itemdefs.shields","itemdef_shieldst*",""
"world","3","0x1708214","0x10","stl-vector","world.raws.itemdefs.helms","itemdef_helmst*",""
"world","3","0x1708224","0x10","stl-vector","world.raws.itemdefs.pants","itemdef_pantsst*",""
"world","3","0x1708234","0x10","stl-vector","world.raws.itemdefs.food","itemdef_foodst*",""
"world","2","0x1708244","0x10","stl-vector","world.raws.entities","entity_raw*",""
"world","2","0x1708254","0x10","stl-vector","world.raws.language_words","language_word*",""
"world","2","0x1708264","0x10","stl-vector","world.raws.language_symbols","language_symbol*",""
"world","2","0x1708274","0x10","stl-vector","world.raws.translations","language_translation*",""
"world","2","0x1708284","0x5700","static-array","world.raws.unknown_54c88","world::anon15",""
"world","2","0x170d984","0x10","stl-vector","world.raws.color_words","world::anon16*",""
"world","2","0x170d994","0x10","stl-vector","world.raws.shape_words","world::anon17*",""
"world","2","0x170d9a4","0x10","stl-vector","world.raws.all_color_words","padding*",""
"world","2","0x170d9b4","0x10","stl-vector","world.raws.reactions","padding*",""
"world","2","0x170d9c4","0x34","compound","world.raws.buildings","",""
"world","3","0x170d9c4","0x10","stl-vector","world.raws.buildings.all","building_def*",""
"world","3","0x170d9d4","0x10","stl-vector","world.raws.buildings.workshops","building_def_workshopst*",""
"world","3","0x170d9e4","0x10","stl-vector","world.raws.buildings.furnaces","building_def_furnacest*",""
"world","3","0x170d9f4","0x4","int32_t","world.raws.buildings.next_id","",""
"world","2","0x170d9f8","0x116c","struct-type","world.raws.mat_table","",""
"world","3","0x170d9f8","0x250","static-array","world.raws.mat_table.organic_types","world::anon18",""
"world","3","0x170dc48","0x250","static-array","world.raws.mat_table.organic_indexes","world::anon19",""
"world","3","0x170de98","0x250","static-array","world.raws.mat_table.organic_unknown","world::anon20","everything 0"
"world","3","0x170e0e8","0xa4c","static-array","world.raws.mat_table.builtin","material*",""
"world","3","0x170eb34","0x10","stl-vector","world.raws.mat_table.extract_types","int16_t",""
"world","3","0x170eb44","0x10","stl-vector","world.raws.mat_table.extract_indexes","int32_t",""
"world","3","0x170eb54","0x10","stl-vector","world.raws.mat_table.extract_unknown","int32_t",""
"world","1","0x170eb64","0xd4","compound","world.unk_59dc4","",""
"world","2","0x170eb64","0x10","stl-vector","world.unk_59dc4","int16_t",""
"world","2","0x170eb74","0x10","stl-vector","world.unk_59dc4","int16_t",""
"world","2","0x170eb84","0x10","stl-vector","world.unk_59dc4","padding*",""
"world","2","0x170eb94","0x40","static-array","world.unk_59dc4","int16_t",""
"world","2","0x170ebd4","0x4","int32_t","world.unk_59dc4","",""
"world","2","0x170ebd8","0x4","int32_t","world.unk_59dc4","",""
"world","2","0x170ebdc","0x4","int32_t","world.unk_59dc4","",""
"world","2","0x170ebe0","0x10","stl-vector","world.unk_59dc4","int16_t",""
"world","2","0x170ebf0","0x10","stl-vector","world.unk_59dc4","int16_t",""
"world","2","0x170ec00","0x10","stl-vector","world.unk_59dc4","int16_t",""
"world","2","0x170ec10","0x10","stl-vector","world.unk_59dc4","int16_t",""
"world","2","0x170ec20","0x10","stl-vector","world.unk_59dc4","int32_t",""
"world","2","0x170ec30","0x4","pointer","world.unk_59dc4.unk_59e70","padding",""
"world","2","0x170ec34","0x4","int32_t","world.unk_59dc4.unk_59e74","",""
"world","1","0x170ec38","0x4","int32_t","world.unk_59e78","",""
"world","1","0x170ec3c","0x42c","compound","world.unk_59e7c","",""
"world","2","0x170ec3c","0x1c","stl-string","world.unk_59e7c.unk_59e7c","",""
"world","2","0x170ec58","0x4","int32_t","world.unk_59e7c.unk_5e200","",""
"world","2","0x170ec5c","0x4","int32_t","world.unk_59e7c.unk_5e204","",""
"world","2","0x170ec60","0x4","int32_t","world.unk_59e7c.unk_5e208","",""
"world","2","0x170ec64","0x4","int32_t","world.unk_59e7c.unk_5e20c","",""
"world","2","0x170ec68","0x1c","stl-string","world.unk_59e7c.unk_59e90","",""
"world","2","0x170ec84","0x10","padding","world.unk_59e7c","",""
"world","2","0x170ec94","0x4","int32_t","world.unk_59e7c.unk_5e23c","",""
"world","2","0x170ec98","0x4","int32_t","world.unk_59e7c.unk_5e240","",""
"world","2","0x170ec9c","0x1c","stl-string","world.unk_59e7c.unk_59eac","",""
"world","2","0x170ecb8","0x1","bool","world.unk_59e7c","",""
"world","2","0x170ecb9","0x1","bool","world.unk_59e7c","",""
"world","2","0x170ecba","0x1","bool","world.unk_59e7c","",""
"world","2","0x170ecbb","0x1","bool","world.unk_59e7c","",""
"world","2","0x170ecbc","0x384","padding","world.unk_59e7c","",""
"world","2","0x170f040","0x4","pointer","world.unk_59e7c.unk_5a238","padding",""
"world","2","0x170f044","0x4","int32_t","world.unk_59e7c.unk_5e5ec","",""
"world","2","0x170f048","0x4","int32_t","world.unk_59e7c.unk_5e5f0","",""
"world","2","0x170f04c","0x4","int32_t","world.unk_59e7c.unk_5e5f4","",""
"world","2","0x170f050","0x4","int32_t","world.unk_59e7c.unk_5e5f8","",""
"world","2","0x170f054","0x4","int32_t","world.unk_59e7c.unk_5e5fc","",""
"world","2","0x170f058","0x4","int32_t","world.unk_59e7c.unk_5e600","",""
"world","2","0x170f05c","0x4","int32_t","world.unk_59e7c.unk_5e604","",""
"world","2","0x170f060","0x4","int32_t","world.unk_59e7c.unk_5e608","",""
"world","2","0x170f064","0x1","bool","world.unk_59e7c","",""
"world","1","0x170f068","0x180","struct-type","world.history","",""
"world","2","0x170f068","0x10","stl-vector","world.history.events","history_event*",""
"world","2","0x170f078","0x10","stl-vector","world.history.events2","history_event*",""
"world","2","0x170f088","0x10","stl-vector","world.history.figures","historical_figure*",""
"world","2","0x170f098","0x90","static-array","world.history.other_events","world::anon21",""
"world","2","0x170f128","0x10","stl-vector","world.history.ages","padding*",""
"world","2","0x170f138","0x10","stl-vector","world.history.unk1","int32_t",""
"world","2","0x170f148","0x10","stl-vector","world.history.unk2","int16_t",""
"world","2","0x170f158","0x4","int32_t","world.history","",""
"world","2","0x170f15c","0x4","int32_t","world.history","",""
"world","2","0x170f160","0x4","int32_t","world.history","",""
"world","2","0x170f164","0x4","int32_t","world.history","",""
"world","2","0x170f168","0x10","stl-vector","world.history","padding",""
"world","2","0x170f178","0x10","stl-vector","world.history","padding",""
"world","2","0x170f188","0x10","stl-vector","world.history","padding",""
"world","2","0x170f198","0x10","stl-vector","world.history","padding",""
"world","2","0x170f1a8","0x10","stl-vector","world.history","padding",""
"world","2","0x170f1b8","0x10","stl-vector","world.history","padding",""
"world","2","0x170f1c8","0x1","bool","world.history","",""
"world","2","0x170f1cc","0x10","stl-vector","world.history","padding",""
"world","2","0x170f1dc","0x4","int32_t","world.history","",""
"world","2","0x170f1e0","0x4","int32_t","world.history","",""
"world","2","0x170f1e4","0x4","int32_t","world.history","",""
"world","1","0x170f1e8","0x10","stl-vector","world.entity_populations","entity_population*",""
"world","1","0x170f1f8","0x4","int32_t","world.unk_5e7a0","",""
"world","1","0x170f1fc","0x4","int32_t","world.frame_counter","","increases by 1 every time . is pressed"
"world","1","0x170f200","0x138840","compound","world.unk_5a39c","",""
"world","2","0x170f200","0x10","stl-vector","world.unk_5a39c.unk_5a39c","padding",""
"world","2","0x170f210","0x138800","static-array","world.unk_5a39c.unk","world::anon22","Looks like a temporary buffer for pathfinding or something."
"world","2","0x1847a10","0x4","int32_t","world.unk_5a39c","",""
"world","2","0x1847a14","0x2","int16_t","world.unk_5a39c.x1","",""
"world","2","0x1847a16","0x2","int16_t","world.unk_5a39c.y1","",""
"world","2","0x1847a18","0x2","int16_t","world.unk_5a39c.z1","",""
"world","2","0x1847a1a","0x2","int16_t","world.unk_5a39c.x2","",""
"world","2","0x1847a1c","0x2","int16_t","world.unk_5a39c.y2","",""
"world","2","0x1847a1e","0x2","int16_t","world.unk_5a39c.z2","",""
"world","2","0x1847a20","0x4","int32_t","world.unk_5a39c","",""
"world","2","0x1847a24","0x4","int32_t","world.unk_5a39c","",""
"world","2","0x1847a28","0x4","int32_t","world.unk_5a39c","",""
"world","2","0x1847a2c","0x2","uint16_t","world.unk_5a39c","",""
"world","2","0x1847a2e","0x2","uint16_t","world.unk_5a39c.tag","",""
"world","2","0x1847a30","0x1","bool","world.unk_5a39c","",""
"world","2","0x1847a32","0x2","uint16_t","world.unk_5a39c","",""
"world","2","0x1847a34","0x1","bool","world.unk_5a39c","",""
"world","2","0x1847a36","0x2","int16_t","world.unk_5a39c","",""
"world","2","0x1847a38","0x2","int16_t","world.unk_5a39c","",""
"world","2","0x1847a3a","0x1","bool","world.unk_5a39c","",""
"world","2","0x1847a3c","0x4","int32_t","world.unk_5a39c","",""
"world","1","0x1847a40","0x150","compound","world.unk_192bd8","",""
"world","2","0x1847a40","0x1c","stl-string","world.unk_192bd8.save_dir","",""
"world","2","0x1847a5c","0x4","padding","world.unk_192bd8","",""
"world","2","0x1847a60","0x130","static-array","world.unk_192bd8","world::anon23",""
"world","1","0x1847b90","0x4","int32_t","world.unk_192cc4","",""
"world","1","0x1847b94","0x76c","compound","world.unk_192cc8","",""
"world","2","0x1847b94","0x10","stl-vector","world.unk_192cc8","padding",""
"world","2","0x1847ba4","0x10","stl-vector","world.unk_192cc8","padding",""
"world","2","0x1847bb4","0x4","padding","world.unk_192cc8","",""
"world","2","0x1847bb8","0x690","static-array","world.unk_192cc8","world::anon24","true array"
"world","2","0x1848248","0x10","stl-vector","world.unk_192cc8","padding",""
"world","2","0x1848258","0x10","stl-vector","world.unk_192cc8","padding",""
"world","2","0x1848268","0x10","stl-vector","world.unk_192cc8","padding",""
"world","2","0x1848278","0x70","static-array","world.unk_192cc8","world::anon25",""
"world","2","0x18482e8","0x8","padding","world.unk_192cc8","",""
"world","2","0x18482f0","0x10","stl-vector","world.unk_192cc8","padding",""
"world","1","0x1848300","0x3c","compound","world.unk_19325c","",""
"world","2","0x1848300","0x30","static-array","world.unk_19325c","world::anon26",""
"world","2","0x1848330","0xc","padding","world.unk_19325c","",""
"d_init","0","0x1848350","0xa8","struct-type","d_init","",""
"d_init","1","0x1848350","0x8","df-flagarray","d_init.flags1","flag-bit",""
"d_init","1","0x1848358","0x4","d_init_nickname","d_init.nickname_dwarf","",""
"d_init","1","0x184835c","0x4","d_init_nickname","d_init.nickname_adventure","",""
"d_init","1","0x1848360","0x4","d_init_nickname","d_init.nickname_legends","",""
"d_init","1","0x1848364","0x4","d_init_nickname","d_init.nickname_dwarf2","",""
"d_init","1","0x1848368","0x4","int32_t","d_init.unk_18","",""
"d_init","1","0x184836c","0x4","int32_t","d_init.unk_1c","",""
"d_init","1","0x1848370","0x1","uint8_t","d_init.sky_tile","",""
"d_init","1","0x1848372","0x6","static-array","d_init.sky_color","int16_t",""
"d_init","1","0x1848378","0x1","uint8_t","d_init.chasm_tile","",""
"d_init","1","0x1848379","0x1","uint8_t","d_init.pillar_tile","",""
"d_init","1","0x184837a","0x6","static-array","d_init.chasm_color","int16_t",""
"d_init","1","0x1848380","0x24","compound","d_init.wound_color","",""
"d_init","2","0x1848380","0x6","static-array","d_init.wound_color.none","int16_t",""
"d_init","2","0x1848386","0x6","static-array","d_init.wound_color.minor","int16_t",""
"d_init","2","0x184838c","0x6","static-array","d_init.wound_color.inhibited","int16_t",""
"d_init","2","0x1848392","0x6","static-array","d_init.wound_color.function_loss","int16_t",""
"d_init","2","0x1848398","0x6","static-array","d_init.wound_color.broken","int16_t",""
"d_init","2","0x184839e","0x6","static-array","d_init.wound_color.missing","int16_t",""
"d_init","1","0x18483a4","0x2","d_init_idlers","d_init.idlers","",""
"d_init","1","0x18483a6","0x2","d_init_tunnel","d_init.show_embark_tunnel","",""
"d_init","1","0x18483a8","0x8","df-flagarray","d_init.flags2","flag-bit",""
"d_init","1","0x18483b0","0x4","int32_t","d_init.display_length","",""
"d_init","1","0x18483b4","0x4","d_init_z_view","d_init.adventurer_z_view","",""
"d_init","1","0x18483b8","0x4","int32_t","d_init.adventurer_z_view_size","",""
"d_init","1","0x18483bc","0x8","df-flagarray","d_init.flags3","flag-bit",""
"d_init","1","0x18483c4","0x4","int32_t","d_init.population_cap","",""
"d_init","1","0x18483c8","0x4","int32_t","d_init.baby_cap_absolute","",""
"d_init","1","0x18483cc","0x4","int32_t","d_init.baby_cap_percent","",""
"d_init","1","0x18483d0","0x10","static-array","d_init.path_cost","int32_t",""
"d_init","1","0x18483e0","0x4","static-array","d_init.embark_rect","int16_t",""
"d_init","1","0x18483e4","0xa","compound","d_init.store_dist","",""
"d_init","2","0x18483e4","0x2","int16_t","d_init.store_dist.item_decrease","",""
"d_init","2","0x18483e6","0x2","int16_t","d_init.store_dist.seed_combine","",""
"d_init","2","0x18483e8","0x2","int16_t","d_init.store_dist.bucket_combine","",""
"d_init","2","0x18483ea","0x2","int16_t","d_init.store_dist.barrel_combine","",""
"d_init","2","0x18483ec","0x2","int16_t","d_init.store_dist.bin_combine","",""
"d_init","1","0x18483f0","0x8","df-flagarray","d_init.flags4","flag-bit",""
"ui_sidebar_menus","0","0x1848648","0x1840","struct-type","ui_sidebar_menus","",""
"ui_sidebar_menus","1","0x1848648","0x34","compound","ui_sidebar_menus.workshop_job","",""
"ui_sidebar_menus","2","0x1848648","0x10","stl-vector","ui_sidebar_menus.workshop_job.choices_all","interface_button_buildingst*",""
"ui_sidebar_menus","2","0x1848658","0x10","stl-vector","ui_sidebar_menus.workshop_job.choices_visible","interface_button_buildingst*",""
"ui_sidebar_menus","2","0x1848668","0x4","int32_t","ui_sidebar_menus.workshop_job.cursor","",""
"ui_sidebar_menus","2","0x184866c","0x4","int32_t","ui_sidebar_menus.workshop_job.category_id","","weapons, armor, etc"
"ui_sidebar_menus","2","0x1848670","0x2","int16_t","ui_sidebar_menus.workshop_job.mat_type","",""
"ui_sidebar_menus","2","0x1848674","0x4","int32_t","ui_sidebar_menus.workshop_job.mat_index","",""
"ui_sidebar_menus","2","0x1848678","0x4","bitfield-type","ui_sidebar_menus.workshop_job.material_category","",""
"ui_sidebar_menus","3","0x1848678","0x0.1","flag-bit","ui_sidebar_menus.workshop_job.material_category.plant","",""
"ui_sidebar_menus","3","0x1848678.1","0x0.1","flag-bit","ui_sidebar_menus.workshop_job.material_category.wood","",""
"ui_sidebar_menus","3","0x1848678.2","0x0.1","flag-bit","ui_sidebar_menus.workshop_job.material_category.cloth","",""
"ui_sidebar_menus","3","0x1848678.3","0x0.1","flag-bit","ui_sidebar_menus.workshop_job.material_category.silk","",""
"ui_sidebar_menus","3","0x1848678.4","0x0.1","flag-bit","ui_sidebar_menus.workshop_job.material_category.leather","",""
"ui_sidebar_menus","3","0x1848678.5","0x0.1","flag-bit","ui_sidebar_menus.workshop_job.material_category.bone","",""
"ui_sidebar_menus","3","0x1848678.6","0x0.1","flag-bit","ui_sidebar_menus.workshop_job.material_category.shell","",""
"ui_sidebar_menus","3","0x1848678.7","0x0.1","flag-bit","ui_sidebar_menus.workshop_job.material_category.wood2","",""
"ui_sidebar_menus","3","0x1848679","0x0.1","flag-bit","ui_sidebar_menus.workshop_job.material_category.soap","",""
"ui_sidebar_menus","3","0x1848679.1","0x0.1","flag-bit","ui_sidebar_menus.workshop_job.material_category.tooth","",""
"ui_sidebar_menus","3","0x1848679.2","0x0.1","flag-bit","ui_sidebar_menus.workshop_job.material_category.horn","",""
"ui_sidebar_menus","3","0x1848679.3","0x0.1","flag-bit","ui_sidebar_menus.workshop_job.material_category.pearl","",""
"ui_sidebar_menus","3","0x1848679.4","0x0.1","flag-bit","ui_sidebar_menus.workshop_job.material_category.yarn","",""
"ui_sidebar_menus","1","0x184867c","0x28","compound","ui_sidebar_menus.building","",""
"ui_sidebar_menus","2","0x184867c","0x10","stl-vector","ui_sidebar_menus.building.choices_all","interface_button_constructionst*",""
"ui_sidebar_menus","2","0x184868c","0x10","stl-vector","ui_sidebar_menus.building.choices_visible","interface_button_constructionst*",""
"ui_sidebar_menus","2","0x184869c","0x4","int32_t","ui_sidebar_menus.building.category_id","",""
"ui_sidebar_menus","2","0x18486a0","0x4","int32_t","ui_sidebar_menus.building.cursor","",""
"ui_sidebar_menus","1","0x18486a4","0x10","stl-vector","ui_sidebar_menus","padding*",""
"ui_sidebar_menus","1","0x18486b4","0x4","int32_t","ui_sidebar_menus.unk_58","",""
"ui_sidebar_menus","1","0x18486b8","0x4","int32_t","ui_sidebar_menus.unk_5c","",""
"ui_sidebar_menus","1","0x18486bc","0x4","int32_t","ui_sidebar_menus.unk_60","",""
"ui_sidebar_menus","1","0x18486c0","0x4","int32_t","ui_sidebar_menus.unk_64","",""
"ui_sidebar_menus","1","0x18486c4","0x10","stl-vector","ui_sidebar_menus","padding",""
"ui_sidebar_menus","1","0x18486d4","0x10","stl-vector","ui_sidebar_menus","padding",""
"ui_sidebar_menus","1","0x18486e4","0x4","int32_t","ui_sidebar_menus.unk_80","",""
"ui_sidebar_menus","1","0x18486e8","0x4","int32_t","ui_sidebar_menus.unk_84","",""
"ui_sidebar_menus","1","0x18486ec","0x4","int32_t","ui_sidebar_menus.unk_88","",""
"ui_sidebar_menus","1","0x18486f0","0x4","int32_t","ui_sidebar_menus.unk_8c","",""
"ui_sidebar_menus","1","0x18486f4","0x4","int32_t","ui_sidebar_menus.unk_90","",""
"ui_sidebar_menus","1","0x18486f8","0x10","stl-vector","ui_sidebar_menus","padding",""
"ui_sidebar_menus","1","0x1848708","0x4","int32_t","ui_sidebar_menus.unk_a0","",""
"ui_sidebar_menus","1","0x184870c","0x10","stl-vector","ui_sidebar_menus","padding",""
"ui_sidebar_menus","1","0x184871c","0x1","bool","ui_sidebar_menus.unk_b0_a","",""
"ui_sidebar_menus","1","0x184871d","0x1","bool","ui_sidebar_menus.unk_b0_b","",""
"ui_sidebar_menus","1","0x184871e","0x1","bool","ui_sidebar_menus.unk_b0_c","",""
"ui_sidebar_menus","1","0x1848720","0x48","compound","ui_sidebar_menus.barracks","",""
"ui_sidebar_menus","2","0x1848720","0x4","int32_t","ui_sidebar_menus.barracks.squad_cursor","",""
"ui_sidebar_menus","2","0x1848724","0x10","stl-vector","ui_sidebar_menus.barracks.squads","squad*",""
"ui_sidebar_menus","2","0x1848734","0x10","stl-vector","ui_sidebar_menus.barracks.uses","squad_use_flags",""
"ui_sidebar_menus","2","0x1848744","0x1","bool","ui_sidebar_menus.barracks.in_rename","",""
"ui_sidebar_menus","2","0x1848745","0x1","bool","ui_sidebar_menus.barracks.in_positions","",""
"ui_sidebar_menus","2","0x1848748","0x4","pointer","ui_sidebar_menus.barracks.position_squad","squad",""
"ui_sidebar_menus","2","0x184874c","0x4","int32_t","ui_sidebar_menus.barracks.position_cursor","",""
"ui_sidebar_menus","2","0x1848750","0x1","bool","ui_sidebar_menus.barracks.in_position_squads","",""
"ui_sidebar_menus","2","0x1848754","0x10","stl-vector","ui_sidebar_menus.barracks.position_squads","squad*",""
"ui_sidebar_menus","2","0x1848764","0x4","int32_t","ui_sidebar_menus.barracks.position_squad_cursor","",""
"ui_sidebar_menus","1","0x1848768","0x16c0","padding","ui_sidebar_menus","",""
"ui_sidebar_menus","1","0x1849e28","0x1c","stl-string","ui_sidebar_menus","",""
"ui_sidebar_menus","1","0x1849e44","0x10","stl-vector","ui_sidebar_menus","stl-string*",""
"ui_sidebar_menus","1","0x1849e54","0x4","int32_t","ui_sidebar_menus.unk_17c0","",""
"ui_sidebar_menus","1","0x1849e58","0x4","int32_t","ui_sidebar_menus.unk_17c4","",""
"ui_sidebar_menus","1","0x1849e5c","0x4","int32_t","ui_sidebar_menus.unk_17c8","",""
"ui_sidebar_menus","1","0x1849e60","0x1c","stl-string","ui_sidebar_menus","",""
"ui_sidebar_menus","1","0x1849e7c","0x4","int32_t","ui_sidebar_menus.unk_17d0","",""
"ui_sidebar_menus","1","0x1849e80","0x4","int32_t","ui_sidebar_menus.unk_17d4","",""
"ui_sidebar_menus","1","0x1849e84","0x4","int32_t","ui_sidebar_menus.unk_17d8","",""
"ui_build_selector","0","0x1849e88","0xf90","struct-type","ui_build_selector","",""
"ui_build_selector","1","0x1849e88","0x10","stl-vector","ui_build_selector.requirements","ui_build_item_req*",""
"ui_build_selector","1","0x1849e98","0x10","stl-vector","ui_build_selector.choices","build_req_choicest*",""
"ui_build_selector","1","0x1849ea8","0x4","int32_t","ui_build_selector.building_type","","if -1, in Build menu; otherwise select item"
"ui_build_selector","1","0x1849eac","0x2","int16_t","ui_build_selector.building_subtype","",""
"ui_build_selector","1","0x1849eb0","0x4","int32_t","ui_build_selector.custom_type","",""
"ui_build_selector","1","0x1849eb4","0x4","int32_t","ui_build_selector.stage","","0 no materials, 1 place, 2 select item"
"ui_build_selector","1","0x1849eb8","0x2","int16_t","ui_build_selector.req_index","",""
"ui_build_selector","1","0x1849eba","0x2","int16_t","ui_build_selector.sel_index","",""
"ui_build_selector","1","0x1849ebc","0x4","int32_t","ui_build_selector.is_grouped","",""
"ui_build_selector","1","0x1849ec0","0x10","stl-vector","ui_build_selector.unk3","stl-string*",""
"ui_build_selector","1","0x1849ed0","0x10","stl-vector","ui_build_selector.unk4","stl-string*",""
"ui_build_selector","1","0x1849ee0","0xf04","static-array","ui_build_selector.tiles","ui_build_selector::anon2",""
"ui_build_selector","1","0x184ade4","0x2","int16_t","ui_build_selector.unk5_0a","",""
"ui_build_selector","1","0x184ade6","0x2","int16_t","ui_build_selector.unk5_0b","",""
"ui_build_selector","1","0x184ade8","0x4","int32_t","ui_build_selector.unk5_1","",""
"ui_build_selector","1","0x184adec","0x4","int32_t","ui_build_selector.unk5_2","",""
"ui_build_selector","1","0x184adf0","0x1","int8_t","ui_build_selector.unk5_3a","",""
"ui_build_selector","1","0x184adf1","0x1","int8_t","ui_build_selector.unk5_3b","",""
"ui_build_selector","1","0x184adf2","0x1","int8_t","ui_build_selector.unk5_3c","",""
"ui_build_selector","1","0x184adf3","0x1","int8_t","ui_build_selector.unk5_3d","",""
"ui_build_selector","1","0x184adf4","0x4","int32_t","ui_build_selector.unk5_4","",""
"ui_build_selector","1","0x184adf8","0x10","stl-vector","ui_build_selector.unk6","padding",""
"ui_build_selector","1","0x184ae08","0x10","stl-vector","ui_build_selector.unk7","padding",""
"init","0","0x184ae58","0x1084","struct-type","init","",""
"init","1","0x184ae58","0x28","struct-type","init.display","",""
"init","2","0x184ae58","0x8","df-flagarray","init.display.flag","flag-bit",""
"init","2","0x184ae60","0x4","enum","init.display.windowed","",""
"init","3","","","enum-item","True","0",""
"init","3","","","enum-item","False","1",""
"init","3","","","enum-item","Prompt","2",""
"init","2","0x184ae64","0x4","int32_t","init.display.grid_x","",""
"init","2","0x184ae68","0x4","int32_t","init.display.grid_y","",""
"init","2","0x184ae6c","0x4","int32_t","init.display.desired_fullscreen_width","",""
"init","2","0x184ae70","0x4","int32_t","init.display.desired_fullscreen_height","",""
"init","2","0x184ae74","0x4","int32_t","init.display.desired_windowed_width","",""
"init","2","0x184ae78","0x4","int32_t","init.display.desired_windowed_height","",""
"init","2","0x184ae7c","0x1","int8_t","init.display.partial_print_count","",""
"init","1","0x184ae80","0xc","struct-type","init.media","",""
"init","2","0x184ae80","0x8","df-flagarray","init.media.flag","flag-bit",""
"init","2","0x184ae88","0x4","int32_t","init.media.volume","",""
"init","1","0x184ae8c","0x24","struct-type","init.input","",""
"init","2","0x184ae8c","0x4","int32_t","init.input.hold_time","",""
"init","2","0x184ae90","0x4","int32_t","init.input.repeat_time","",""
"init","2","0x184ae94","0x4","int32_t","init.input.macro_time","",""
"init","2","0x184ae98","0x4","int32_t","init.input.pause_zoom_no_interface_ms","",""
"init","2","0x184ae9c","0x8","df-flagarray","init.input.flag","flag-bit",""
"init","2","0x184aea4","0x4","int32_t","init.input.zoom_speed","",""
"init","2","0x184aea8","0x4","int32_t","init.input.repeat_accel_start","",""
"init","2","0x184aeac","0x4","int32_t","init.input.repeat_accel_limit","",""
"init","1","0x184aeb0","0x1024","struct-type","init.font","",""
"init","2","0x184aeb0","0x400","static-array","init.font.small_font_texpos","int32_t",""
"init","2","0x184b2b0","0x400","static-array","init.font.large_font_texpos","int32_t",""
"init","2","0x184b6b0","0x400","static-array","init.font.small_font_datapos","int32_t",""
"init","2","0x184bab0","0x400","static-array","init.font.large_font_datapos","int32_t",""
"init","2","0x184beb0","0x4","s-float","init.font.small_font_adjx","",""
"init","2","0x184beb4","0x4","s-float","init.font.small_font_adjy","",""
"init","2","0x184beb8","0x4","s-float","init.font.large_font_adjx","",""
"init","2","0x184bebc","0x4","s-float","init.font.large_font_adjy","",""
"init","2","0x184bec0","0x4","int32_t","init.font.small_font_dispx","",""
"init","2","0x184bec4","0x4","int32_t","init.font.small_font_dispy","",""
"init","2","0x184bec8","0x4","int32_t","init.font.large_font_dispx","",""
"init","2","0x184becc","0x4","int32_t","init.font.large_font_dispy","",""
"init","2","0x184bed0","0x1","bool","init.font.use_ttf","",""
"init","1","0x184bed4","0x8","struct-type","init.window","",""
"init","2","0x184bed4","0x8","df-flagarray","init.window.flag","flag-bit",""
"ui_look_list","0","0x185c104","0x10","struct-type","ui_look_list","",""
"ui_look_list","1","0x185c104","0x10","stl-vector","ui_look_list.items","ui_look_list::anon2*",""
